bsky,vladlegrand2024.bsky.social
bsky,tommyfr.bsky.social
bsky,arthurmarlin.bsky.social
bsky,chichi0.bsky.social
bsky,empereurchat.bsky.social
bsky,john.inosta.cc
bsky,spadsou.bsky.social
bsky,nelsondjp.bsky.social
bsky,lci.dev
bsky,neutralityfox.bsky.social
bsky,orynick.fr
bsky,cobrafx.bsky.social
bsky,pretressealexia.bsky.social
bsky,radiantsg.ovh
bsky,maskedduck69.bsky.social
bsky,ptaah.fr
bsky,herbedeprovence.bsky.social
bsky,vladlegrand2024.bsky.social
bsky,ma9d.bsky.social
bsky,danlavio.bsky.social
bsky,robi-cedilnik.bsky.social
bsky,trigger88happy.bsky.social
bsky,jessesingal.com
bsky,sterlep2b.bsky.social
bsky,icepilot74.bsky.social
bsky,nakitulo.bsky.social
bsky,bonsens.bsky.social
bsky,photojourn.bsky.social
bsky,fabriceteamattal27.bsky.social
bsky,solange1.bsky.social
bsky,nathalie-cavalier.bsky.social
bsky,flyingtotof.bsky.social
bsky,bea-mgdx.bsky.social
bsky,khalilramzat.bsky.social
bsky,benitocalore.bsky.social
bsky,oddball67.bsky.social
bsky,laurentplater.bsky.social
bsky,hpurasud.bsky.social
bsky,alexquiec.bsky.social
bsky,fenflo1.bsky.social
bsky,wallacebrained.bsky.social
bsky,edouardkhill.bsky.social
bsky,amenis.bsky.social
bsky,lavoixlibre.bsky.social
bsky,oldpoitou.bsky.social
bsky,pascal1996.bsky.social
bsky,felgerwood.bsky.social
bsky,coolporteur.bsky.social
bsky,hadrienjhr.bsky.social
bsky,gvpnational.bsky.social
bsky,jugreho.bsky.social
bsky,comploplo26.bsky.social
bsky,fabrice52.bsky.social
bsky,ariwiel.bsky.social
bsky,nic-hk.bsky.social
bsky,gbonnaud.bsky.social
bsky,lecanutdu38.bsky.social
bsky,24hn.bsky.social
bsky,clong40.bsky.social
bsky,ifig29.bsky.social
bsky,lilymina35.bsky.social
bsky,laoshe.bsky.social
bsky,lilinanou.bsky.social
bsky,per-loeiz.bsky.social
bsky,ariesno26.bsky.social
bsky,philippecaron.bsky.social
bsky,bgrinberg.bsky.social
bsky,bozzoh.bsky.social
bsky,sconeone.bsky.social
bsky,arbydefh.bsky.social
bsky,samos13.bsky.social
bsky,mayecoco.bsky.social
bsky,clarkgaibeul.bsky.social
bsky,sebinthesky.bsky.social
bsky,imarick.bsky.social
bsky,boitaair.bsky.social
bsky,udiaq.bsky.social
bsky,automath.bsky.social
bsky,demosthene37.bsky.social
bsky,curiousguy12345.bsky.social
bsky,monarkista.bsky.social
bsky,l3g33k.bsky.social
bsky,jeanculemelenchien.bsky.social
bsky,simbadlemarin.bsky.social
bsky,nabuco-jedi.bsky.social
bsky,alberto1er.bsky.social
bsky,l-honfleurais.bsky.social
bsky,jeromrodriguez.bsky.social
bsky,pasfinidetourner.bsky.social
bsky,santobartholomeo.bsky.social
bsky,venusa77.bsky.social
bsky,gamersonly.bsky.social
bsky,marles.bsky.social
bsky,poboisson.bsky.social
bsky,fcstn.bsky.social
bsky,vachkiri.bsky.social
bsky,fxa007lecentriste.bsky.social
bsky,mohamedmourad-19.bsky.social
bsky,gillesh38.bsky.social
bsky,liloue31.bsky.social
bsky,elipo.bsky.social
bsky,aubontouite.bsky.social
bsky,gillesfrexit25.bsky.social
bsky,eddy2628.bsky.social
bsky,supermarioooo.bsky.social
bsky,cdnkarma.bsky.social
bsky,junemuse.bsky.social
bsky,yolobathsalts420.bsky.social
bsky,mag30.bsky.social
bsky,twitler.bsky.social
bsky,patriotbillsmith.bsky.social
bsky,deedaydarappa.bsky.social
bsky,gunshymartyr.bsky.social
bsky,jebaitedj.bsky.social
bsky,californiarefugee.bsky.social
bsky,paulszaszsebes.bsky.social
bsky,kommiekarl.bsky.social
bsky,rantoncue.bsky.social
bsky,timber2527.bsky.social
bsky,ibookchick.bsky.social
bsky,theteeben.bsky.social
bsky,codex-myopic.bsky.social
bsky,sammyw.bsky.social
bsky,beautist.bsky.social
bsky,ohiodino.bsky.social
bsky,trumpyboy.bsky.social
bsky,newsmatwitter
bsky,reajdvance.bsky.social
bsky,atensnut.bsky.social
bsky,benjamindover101.bsky.social
bsky,liberaltearsrsweet.bsky.social
bsky,fallon2468.bsky.social
bsky,timetowatch.bsky.social
bsky,tdsawareness.bsky.social
bsky,conzalv-1.bsky.social
bsky,pacalproute.bsky.social
bsky,homosapiens-marc.bsky.social
bsky,ernerstor.bsky.social
bsky,docmartinus.bsky.social
bsky,parechalpetain.bsky.social
bsky,bruno-runner.bsky.social
bsky,emilydumortier.bsky.social
bsky,lylou75.bsky.social
bsky,pompompom75.bsky.social
bsky,pffff.bsky.social
bsky,hooms92.bsky.social
bsky,pessi-triote.bsky.social
bsky,a-l-x.bsky.social
bsky,justalivingman.bsky.social
bsky,ghostofbenmartin.bsky.social
bsky,grace02.bsky.social
bsky,soulwinnerforjesus.bsky.social
bsky,kieslowski.bsky.social
bsky,ali1357.bsky.social
bsky,margotsibley25.bsky.social
bsky,michellekavan.bsky.social
bsky,mary247365.bsky.social
bsky,brianfuller.bsky.social
bsky,tec-fl.bsky.social
bsky,cjsteeler.bsky.social
bsky,gunthereaglemann.bsky.social
bsky,jasperedwards.bsky.social
bsky,wolfeesdonuts.bsky.social
bsky,kyoshiro2067.bsky.social
bsky,maga4life.bsky.social
bsky,patriotbuzz.bsky.social
bsky,magainu.bsky.social
bsky,magamac.bsky.social
bsky,maga2024.bsky.social
bsky,magadonian.bsky.social
bsky,donaldtrumpfanpage.bsky.social
bsky,votetrump2024.bsky.social
bsky,trumpwon.bsky.social
bsky,etherealdreaming.bsky.social
bsky,shahram666.bsky.social
bsky,timrod12.bsky.social
bsky,gbnewsonline.bsky.social
bsky,gamecam.bsky.social
bsky,catotheelder32.bsky.social
bsky,goddeketal.bsky.social
bsky,realbabylonbee.bsky.social
bsky,markdfabela.bsky.social
bsky,maga-soldier.bsky.social
bsky,maga-soldier-2.bsky.social
bsky,aggiemaeh.bsky.social
bsky,sinofmen.bsky.social
bsky,apwk.bsky.social
bsky,darkangel7215.bsky.social
bsky,js4crzn.bsky.social
bsky,mistahj.bsky.social
bsky,mariofan44.bsky.social
bsky,brajeanzosty.bsky.social
bsky,sammycanada.bsky.social
bsky,gremy.bsky.social
bsky,odrowaz.bsky.social
bsky,eaglesman710.bsky.social
bsky,ridingred.bsky.social
bsky,alexjoneswasright.bsky.social
bsky,magatothebone.bsky.social
bsky,trumpwonagain.bsky.social
bsky,catreciaholmes.bsky.social
bsky,trumpswins.bsky.social
bsky,eagletrumpforce.bsky.social
bsky,trumpappreciation.bsky.social
bsky,prizey.bsky.social
bsky,teddyamelia01.bsky.social
bsky,caredacted.bsky.social
bsky,magagod.bsky.social
bsky,hollyhock17.bsky.social
bsky,rattletrap1776.bsky.social
bsky,qultratrashmaga.bsky.social
bsky,trumptardblo.bsky.social
bsky,bobbcomedy.bsky.social
bsky,fedsrwatching.bsky.social
bsky,smirkingnick.bsky.social
bsky,loyaltotheparty2.bsky.social
bsky,magaempire.bsky.social
bsky,grizzly-67.bsky.social
bsky,justinbgalloway.bsky.social
bsky,belladonut.bsky.social
bsky,mcarisma.bsky.social
bsky,smithcps01.bsky.social
bsky,war-beard.bsky.social
bsky,leilanidowding.bsky.social
bsky,motown78.bsky.social
bsky,thewayitis.bsky.social
bsky,kennethstark.bsky.social
bsky,aarontkenney.bsky.social
bsky,myhealthypatriot.bsky.social
bsky,mvrwc.com
bsky,lasoc.bsky.social
bsky,ownthedems2024.bsky.social
bsky,chaosovercoffee.bsky.social
bsky,lilamaega.bsky.social
bsky,brinnenr.bsky.social
bsky,liambagley.bsky.social
bsky,margentinaga.bsky.social
bsky,trumpwins24.bsky.social
bsky,bodittle.bsky.social
bsky,maga-redwave.bsky.social
bsky,meantweets.bsky.social
bsky,wewon2024maga.bsky.social
bsky,markattwood.bsky.social
bsky,virfortis.bsky.social
bsky,rfkjr24.bsky.social
bsky,japreacher.bsky.social
bsky,busyeatingcrayons.bsky.social
bsky,cfcterry.bsky.social
bsky,panblanco.bsky.social
bsky,daddy-long-legs.bsky.social
bsky,obnoxiousweed.bsky.social
bsky,frankcastl3.bsky.social
bsky,magamtfks.bsky.social
bsky,dd2225.bsky.social
bsky,realdylandanger.bsky.social
bsky,thankgodtrumpwon.bsky.social
bsky,nhug72.bsky.social
bsky,charlie-kirk.bsky.social
bsky,lavondasheldon.bsky.social
bsky,tacocat100.bsky.social
bsky,geoffbezos6.bsky.social
bsky,xisbetterlol.bsky.social
bsky,trumpbarron.bsky.social
bsky,americafirst1.bsky.social
bsky,mjgranger1.bsky.social
bsky,balzerluxe.bsky.social
bsky,trumpwon24.bsky.social
bsky,yolanda23.bsky.social
bsky,markmeadows.bsky.social
bsky,abcpodcast.bsky.social
bsky,pendozer.bsky.social
bsky,richardcitizen.bsky.social
bsky,boozearmada.bsky.social
bsky,magadonia1776.bsky.social
bsky,wokeisbroke.bsky.social
bsky,jen30.bsky.social
bsky,retiredvetusn.bsky.social
bsky,bankerfan1948.bsky.social
bsky,jabbathewokey.bsky.social
bsky,chaseincommieland.bsky.social
bsky,iansbrodrick.bsky.social
bsky,alexanderejones.bsky.social
bsky,mikecent.bsky.social
bsky,aidsclapton.bsky.social
bsky,bisquitron.bsky.social
bsky,donbsad.bsky.social
bsky,thepigrad.bsky.social
bsky,garybee.bsky.social
bsky,pamichelle.bsky.social
bsky,spivver13.bsky.social
bsky,brandonstraka.bsky.social
bsky,brianna.bsky.social
bsky,coinhogg.bsky.social
bsky,gello-kennedy.bsky.social
bsky,notrobertfkennedy.bsky.social
bsky,frankeckstein.bsky.social
bsky,deltadawn7.bsky.social
bsky,awwcmonnow.bsky.social
bsky,downwithwokeness.bsky.social
bsky,drea4343.bsky.social
bsky,sheppie.bsky.social
bsky,libertarianmindset.bsky.social
bsky,shapedbytruth.bsky.social
bsky,hobbesiantroll.bsky.social
bsky,adjustmentauth.bsky.social
bsky,gratefulsteve4.bsky.social
bsky,pickleballlover.bsky.social
bsky,bluescry.bsky.social
bsky,thatamerican.bsky.social
bsky,nakdnick.bsky.social
bsky,bmg72.bsky.social
bsky,blueeyedbadgirl.bsky.social
bsky,jrsmoon.bsky.social
bsky,trumpwon2022.bsky.social
bsky,floridaman149.bsky.social
bsky,uaskart.bsky.social
bsky,johhnyy39.bsky.social
bsky,stephenmiler.bsky.social
bsky,aunmeme.bsky.social
bsky,offensiveancap.bsky.social
bsky,trumpprofit.bsky.social
bsky,nmb917.bsky.social
bsky,ohmygodjustin.bsky.social
bsky,abbythelibb.bsky.social
bsky,thatredlife.bsky.social
bsky,no-sassy-here.bsky.social
bsky,saltydissidentii.bsky.social
bsky,timewizard444.bsky.social
bsky,olivebranchusa.bsky.social
bsky,andrewbreitbart.bsky.social
bsky,darkelon.bsky.social
bsky,aguileraszn.bsky.social
bsky,rachelracer.bsky.social
bsky,wombat32.bsky.social
bsky,demiurge2.bsky.social
bsky,13and60.bsky.social
bsky,amuszementpark.bsky.social
bsky,libertymartin190.bsky.social
bsky,terirose2006.bsky.social
bsky,hockeyguy66.bsky.social
bsky,jraff2001.bsky.social
bsky,morisot1.bsky.social
bsky,greenozzy.bsky.social
bsky,crimson2k24.bsky.social
bsky,catturd3.bsky.social
bsky,rjm1965.bsky.social
bsky,brown12345.bsky.social
bsky,maskedmarvel.bsky.social
bsky,hatzy.bsky.social
bsky,bluesky-temp-2024.bsky.social
bsky,mikey-one.bsky.social
bsky,idrinkleftisttears.bsky.social
bsky,scooturd.bsky.social
bsky,txnx.bsky.social
bsky,giowashisnameoh.bsky.social
bsky,dems-for-trump.bsky.social
bsky,eddiemaccondition.bsky.social
bsky,dd801official.bsky.social
bsky,thomasitk421.bsky.social
bsky,ninesixthree.bsky.social
bsky,vllc2.bsky.social
bsky,tybernicus17.bsky.social
bsky,danny78.bsky.social
bsky,outtaluck.bsky.social
bsky,cuxanzimp.bsky.social
bsky,murderbot69.bsky.social
bsky,ohyaknow76.bsky.social
bsky,ultra-maga.bsky.social
bsky,imissmeantweets.bsky.social
bsky,diggoryoblivian.bsky.social
bsky,prolifecoffee.bsky.social
bsky,zooeydotpub.zdu.se
bsky,magap4tri0t.bsky.social
bsky,testingthelimits.bsky.social
bsky,supercommie911.bsky.social
bsky,donkeybutcher.bsky.social
bsky,magatrain2024.bsky.social
bsky,maga64.bsky.social
bsky,realandbasedagain.bsky.social
bsky,drcameronjones.bsky.social
bsky,exploringalway.bsky.social
bsky,dookusroyal.bsky.social
bsky,patriotsbearded.bsky.social
bsky,trhlofficial.bsky.social
bsky,txfw.bsky.social
bsky,pitbulldoorbell.bsky.social
bsky,sigmamalefumo.bsky.social
bsky,kaapstad.bsky.social
bsky,usafirst1st.bsky.social
bsky,he-won.bsky.social
bsky,republicanfighter.bsky.social
bsky,theycallmetrue.bsky.social
bsky,outpost5.bsky.social
bsky,sparklepuff1.bsky.social
bsky,deportthemall.bsky.social
bsky,maga-45-47.bsky.social
bsky,dmccray.bsky.social
bsky,mattykinsx.bsky.social
bsky,natejon.bsky.social
bsky,asher312.bsky.social
bsky,thebigchud.bsky.social
bsky,dannythetunnelking.bsky.social
bsky,sweethomemich.bsky.social
bsky,thewokeagenda.bsky.social
bsky,maga21stcentury.bsky.social
bsky,beaviss.bsky.social
bsky,trumps-yo-daddy.bsky.social
bsky,thomohhawk.bsky.social
bsky,magamerica2024.bsky.social
bsky,cherylmagaha.bsky.social
bsky,kingtrump47.bsky.social
bsky,ca-ringejeanpierre.bsky.social
bsky,mayomonkeyredux.bsky.social
bsky,realdisgustedwoman.bsky.social
bsky,only-a-sky-no.bsky.social
bsky,grumpyoldpapaw.bsky.social
bsky,tamalehunter.bsky.social
bsky,alberto-alvarado.bsky.social
bsky,greatness93.bsky.social
bsky,magabarbiedoll.bsky.social
bsky,randallflagg65.bsky.social
bsky,issiech.bsky.social
bsky,trumpwonharrislost.bsky.social
bsky,trumpcountryusa.bsky.social
bsky,finpel-dorred.bsky.social
bsky,bandwidth-beard.bsky.social
bsky,meme-k-ultra.bsky.social
bsky,nmcgillivray.bsky.social
bsky,godefroydebouillon.bsky.social
bsky,4fxakes.bsky.social
bsky,djt2024.bsky.social
bsky,alsotapered.bsky.social
bsky,grawlix12.bsky.social
bsky,magawin.bsky.social
bsky,mando-46.bsky.social
bsky,softyusa.bsky.social
bsky,onlinemarktplatz.bsky.social
bsky,teek11.bsky.social
bsky,basementnews.bsky.social
bsky,mamlam.bsky.social
bsky,cheboygan.bsky.social
bsky,fernfreeman.bsky.social
bsky,1776ghost.bsky.social
bsky,trump2024maga1138.bsky.social
bsky,pat-mccrotch.bsky.social
bsky,wmc914.bsky.social
bsky,rbcv64.bsky.social
bsky,aleahim.bsky.social
bsky,unitedwestand76.bsky.social
bsky,sgueli.bsky.social
bsky,justbob1959.bsky.social
bsky,magat1971.bsky.social
bsky,mikebbb.bsky.social
bsky,blueballs1776.bsky.social
bsky,redwaveatbluesky.bsky.social
bsky,opentoreason.bsky.social
bsky,juicysharts.bsky.social
bsky,redwavefactual.bsky.social
bsky,teddyp1776.bsky.social
bsky,jessicae1120.bsky.social
bsky,kamalalost2024.bsky.social
bsky,fredziffel228.bsky.social
bsky,captcojones.bsky.social
bsky,saucybill.bsky.social
bsky,smargatoo.bsky.social
bsky,joebravo77.bsky.social
bsky,r2401.bsky.social
bsky,maybemaybenoit.bsky.social
bsky,anarchmonarch.bsky.social
bsky,swansurf.bsky.social
bsky,sherripollick.bsky.social
bsky,thunderbuttdog.bsky.social
bsky,genx-wisdom.bsky.social
bsky,melvynjh.bsky.social
bsky,stuartshrugged.bsky.social
bsky,wokenomore.bsky.social
bsky,blueswimming.bsky.social
bsky,justinbuntingfornc.bsky.social
bsky,gaslightfreezone.bsky.social
bsky,maciemay.bsky.social
bsky,donaldjtrumpy.bsky.social
bsky,thunderhead21.bsky.social
bsky,trumpwillfixu.bsky.social
bsky,blaket07.bsky.social
bsky,atopmarshill.bsky.social
bsky,reallouiehuey.bsky.social
bsky,mrsulurearadmiral.bsky.social
bsky,daisy-cutter.bsky.social
bsky,dgarnett1.bsky.social
bsky,edlophead.bsky.social
bsky,echochamberlibs.bsky.social
bsky,ultramagaf.bsky.social
bsky,legendaryjosesito.bsky.social
bsky,alwaysvictoria.bsky.social
bsky,swiftiesfortrump2.bsky.social
bsky,brodenstarjacob.bsky.social
bsky,blueskymaga.bsky.social
bsky,crymorein2024.bsky.social
bsky,loupgarou31.bsky.social
bsky,geotus.bsky.social
bsky,qanon.digibyte.social
bsky,anhuman.bsky.social
bsky,angryfishoriginal.bsky.social
bsky,spytheliar.bsky.social
bsky,iamdonaldtrump.bsky.social
bsky,ladyadonia.bsky.social
bsky,tovaritch.bsky.social
bsky,swiftiesfortrump.bsky.social
bsky,mysticalmuledeer.bsky.social
bsky,fiscologue.bsky.social
bsky,phdassier.bsky.social
bsky,lapsykatraa.bsky.social
bsky,helena-giger.bsky.social
bsky,sporenda.bsky.social
bsky,kleopheme.bsky.social
bsky,vicferbiz.bsky.social
bsky,tomguich.bsky.social
bsky,gauchistophobe.bsky.social
bsky,fgth2.bsky.social
bsky,xaviermallet.bsky.social
bsky,le-grinch-3869.bsky.social
bsky,passager67.bsky.social
bsky,vigilant71.bsky.social
bsky,pascalelecourt.bsky.social
bsky,thomasradio.bsky.social
bsky,xavierazalbert.bsky.social
bsky,polbom.bsky.social
bsky,vlautard.bsky.social
bsky,freezepessione.bsky.social
bsky,prof-mesovair.bsky.social
bsky,neo2d.bsky.social
bsky,michto973.bsky.social
bsky,marinelepen.bsky.social
bsky,puiskonapalechoix.bsky.social
bsky,a-vwzy.bsky.social
bsky,jeanculmelenchon12.bsky.social
bsky,olivier-official.bsky.social
bsky,stempfr.bsky.social
bsky,alp68.bsky.social
bsky,moulinsart.bsky.social
bsky,gloupsback.bsky.social
bsky,sophiaaram.bsky.social
bsky,charocher.bsky.social
bsky,noustoutstes.bsky.social
bsky,veroniquegenest.bsky.social
bsky,stelaurent.bsky.social
bsky,tcabarrus.bsky.social
bsky,aligatore.bsky.social
bsky,dominik84.bsky.social
bsky,che2a.bsky.social
bsky,alisourate.bsky.social
bsky,civilisationfrance.bsky.social
bsky,guts98.bsky.social
bsky,antoineleaument.bsky.social
bsky,lacomplautiste.bsky.social
bsky,zoesagan.bsky.social
bsky,legaulois13.bsky.social
bsky,garagna.bsky.social
bsky,marcellodu.bsky.social
bsky,sanremo9.bsky.social
bsky,p-a-d-20110.bsky.social
bsky,itylus.bsky.social
bsky,banquedefrance.bsky.social
bsky,philippepoutou.bsky.social
bsky,antoinedrapeaux.bsky.social
bsky,fredoche64.bsky.social
bsky,langeoliver.bsky.social
bsky,collectif75lgbt.bsky.social
bsky,urss4ever.bsky.social
bsky,zaros67.bsky.social
bsky,rawz06.fr
bsky,emiliepascontent-e.bsky.social
bsky,flbnantes.bsky.social
bsky,patrickyarka.bsky.social
bsky,pichou63370.bsky.social
bsky,rocwo.bsky.social
bsky,elsa-aligator.bsky.social
bsky,jhadopi.bsky.social
bsky,nasty00b.bsky.social
bsky,matthieugariel.bsky.social
bsky,romuwong.bsky.social
bsky,loreine-lad.bsky.social
bsky,elcrackitodunet.bsky.social
bsky,surmulotsnews.bsky.social
bsky,soulripper.bsky.social
bsky,jean-cul-la-gauche.bsky.social
bsky,stanislaslefort.bsky.social
bsky,justunprolo.bsky.social
bsky,souribali.bsky.social
bsky,julien25220.bsky.social
bsky,rtcnmp.bsky.social
bsky,bebertlagauchiasse.bsky.social
bsky,aldo-raines.bsky.social
bsky,astrofion.bsky.social
bsky,allaniang7.bsky.social
bsky,jeanneosecours.bsky.social
bsky,jirofred.bsky.social
bsky,alikhamenei2.bsky.social
bsky,thibaultasin.bsky.social
bsky,alainhouaque-barre.bsky.social
bsky,valdakar5.bsky.social
bsky,lechatdroitard.bsky.social
bsky,jrd06.bsky.social
bsky,marguerite-stern.bsky.social
bsky,j-u-l-i-e-n.com
bsky,fandemarlene.bsky.social
bsky,marionholly.bsky.social
bsky,fipouf.bsky.social
bsky,hydreathee.bsky.social
bsky,176-671.bsky.social
bsky,apokrif.bsky.social
bsky,labaronn3.bsky.social
bsky,yannbarte.bsky.social
bsky,europe1.bsky.social
bsky,cacestcadeau.bsky.social
bsky,actionfrancaise.bsky.social
bsky,cocardeetud.bsky.social
bsky,sandruisseau.bsky.social
bsky,alankersaudy.bsky.social
bsky,fsdgdf8g79.bsky.social
bsky,endwokenessbrazil.bsky.social
bsky,endwokenss.bsky.social
bsky,real-endwokeness.bsky.social
bsky,stjos.bsky.social
bsky,galinette34.bsky.social
bsky,krys18.bsky.social
bsky,teamrep2022.bsky.social
bsky,vive-la-droite.bsky.social
bsky,fbb81.bsky.social
bsky,latoury.bsky.social
bsky,bigbear61.bsky.social
bsky,expatsa.bsky.social
bsky,davidjfromparis.bsky.social
bsky,bruceheavymetal.bsky.social
bsky,avecrenaissance.bsky.social
bsky,khristy.bsky.social
bsky,anyesme.bsky.social
bsky,nowandforever.bsky.social
bsky,frenchie-fra.bsky.social
bsky,etorria.bsky.social
bsky,will2ba.bsky.social
bsky,clerycy.bsky.social
bsky,marclatour.bsky.social
bsky,trumpisthewinner.bsky.social
bsky,mfrlucidite92.bsky.social
bsky,mikacam.bsky.social
bsky,lepaladin.bsky.social
bsky,ezra-33.bsky.social
bsky,mpcofficiel.bsky.social
bsky,trumpist.bsky.social
bsky,mctintin.bsky.social
bsky,kermitgreen.bsky.social
bsky,lolo83.bsky.social
bsky,magie1418.bsky.social
bsky,georgessoros.bsky.social
bsky,spctr243.bsky.social
bsky,zoran225.bsky.social
bsky,marcvanguard.bsky.social
bsky,blackops941494.bsky.social
bsky,coco-8517.bsky.social
bsky,vincentmalet.bsky.social
bsky,fefer38.bsky.social
bsky,abberurier.bsky.social
bsky,doczombi.bsky.social
bsky,davfer.bsky.social
bsky,rico22.bsky.social
bsky,marius5907.bsky.social
bsky,du56.bsky.social
bsky,corsicantrader.bsky.social
bsky,mattmatt73.bsky.social
bsky,poseidon14.bsky.social
bsky,zeus-olympien.bsky.social
bsky,foxfull.bsky.social
bsky,thibuzz.bsky.social
bsky,thyg71.bsky.social
bsky,oursjoyeux.bsky.social
bsky,y4kamoneye.bsky.social
bsky,phoenix770.bsky.social
bsky,velzic.bsky.social
bsky,drlaskar.bsky.social
bsky,ifyouarefrench.bsky.social
bsky,dudule48.bsky.social
bsky,librement.bsky.social
bsky,fabid74.bsky.social
bsky,courtoisix.bsky.social
bsky,csium.bsky.social
bsky,andretate.bsky.social
bsky,renbuk.bsky.social
bsky,drak0u.bsky.social
bsky,howtobitcoin.bsky.social
bsky,kate56.bsky.social
bsky,aurelia34.bsky.social
bsky,i24news.bsky.social
bsky,leafleur.bsky.social
bsky,ibtissem92.bsky.social
bsky,trumpantiwok.bsky.social
bsky,antoinetal.bsky.social
bsky,ouinouindu93.bsky.social
bsky,francinesniffette.bsky.social
bsky,doudout.bsky.social
bsky,jacquesdemolay.bsky.social
bsky,la-faucheuse64.bsky.social
bsky,halteconnerie.bsky.social
bsky,booyalezucc.bsky.social
bsky,augustopinochet1.bsky.social
bsky,magaresource.bsky.social
bsky,jeanne75008.bsky.social
bsky,patriotefrancaise.bsky.social
bsky,police-et-realites.bsky.social
bsky,colonedex.bsky.social
bsky,sicklehammer.bsky.social
bsky,truemalevitch.bsky.social
bsky,denisprindle16182.bsky.social
bsky,kenga-ashura.bsky.social
bsky,giraudclaude.bsky.social
bsky,jo78off.bsky.social
bsky,winstonsmith1949.bsky.social
bsky,robdunord.bsky.social
bsky,noextremism.bsky.social
bsky,176t2.bsky.social
bsky,florian152501.bsky.social
bsky,ragondindepressif.bsky.social
bsky,sosraciste.bsky.social
bsky,vae-victis-76.bsky.social
bsky,emmerdeur1er.bsky.social
bsky,boss7992.bsky.social
bsky,gundarf.bsky.social
bsky,eodhel.bsky.social
bsky,fabiennecestmoi.bsky.social
bsky,nationaliste.bsky.social
bsky,icineil.bsky.social
bsky,me88445.bsky.social
bsky,jsylvain31.bsky.social
bsky,leglaive.bsky.social
bsky,vinzealand.bsky.social
bsky,abdel31.bsky.social
bsky,anti-antifa.bsky.social
bsky,mangeur-de-clowns.bsky.social
bsky,ronanpla.bsky.social
bsky,elracistos.bsky.social
bsky,sebjoulia.bsky.social
bsky,olivfrommars.bsky.social
bsky,jeaninconnu.bsky.social
bsky,moival.bsky.social
bsky,zeboris.bsky.social
bsky,stephdulux.bsky.social
bsky,commandertorenn.bsky.social
bsky,jbeods.bsky.social
bsky,avnersolal.bsky.social
bsky,cosmorak.bsky.social
bsky,juliopra.bsky.social
bsky,sylviespaceme.bsky.social
bsky,cyves.bsky.social
bsky,taupasse.bsky.social
bsky,pierremoderet.bsky.social
bsky,paulwytheta.bsky.social
bsky,butcher-of-orcs.bsky.social
bsky,yveslapotre.bsky.social
bsky,tonytruan.bsky.social
bsky,29pat.bsky.social
bsky,jboovii.bsky.social
bsky,charlotte34mpt.bsky.social
bsky,lebordelais.bsky.social
bsky,fdesouche.bsky.social
bsky,depassageqc.bsky.social
bsky,major-hellstrom.bsky.social
bsky,midmo.bsky.social
bsky,liberty-infos.bsky.social
bsky,oursmaleche.bsky.social
bsky,gkclevttdepp.bsky.social
bsky,theyam38.bsky.social
bsky,xtroos.bsky.social
bsky,cala49.bsky.social
bsky,lo-kic.bsky.social
bsky,tuttapposto.bsky.social
bsky,fares-exmuslim.bsky.social
bsky,mlemaudit.bsky.social
bsky,frgirard.bsky.social
bsky,antoine35.bsky.social
bsky,galadriel61.bsky.social
bsky,only2gender.bsky.social
bsky,walruseats.bsky.social
bsky,tobipn.bsky.social
bsky,fazeobama99.bsky.social
bsky,vivetrump.bsky.social
bsky,benotog.bsky.social
bsky,maxjets2024.bsky.social
bsky,end-woke.bsky.social
bsky,murderdolls13.bsky.social
bsky,fornobody.bsky.social
bsky,chosesluesetvues.bsky.social
bsky,varlo83.bsky.social
bsky,connardlumineux.bsky.social
bsky,ultspike974.bsky.social
bsky,jph75.bsky.social
bsky,usagies.bsky.social
bsky,isback.bsky.social
bsky,druun.bsky.social
bsky,laroulotte49.bsky.social
bsky,bonjoured.bsky.social
bsky,moremaurice.bsky.social
bsky,geoffparis.bsky.social
bsky,maximilienm.bsky.social
bsky,aaeki.bsky.social
bsky,bluenoon.bsky.social
bsky,camarcheoupas.bsky.social
bsky,yv92.bsky.social
bsky,hatlome.bsky.social
bsky,misschantal.bsky.social
bsky,lc1971.bsky.social
bsky,zickie.bsky.social
bsky,sixtine78.bsky.social
bsky,sebchris.bsky.social
bsky,cyrille-pillot.bsky.social
bsky,guyliguilly.bsky.social
bsky,stephanef31.bsky.social
bsky,francaisaop.bsky.social
bsky,fenouilleu.bsky.social
bsky,chakalnikov.bsky.social
bsky,jtmunk.bsky.social
bsky,thomasjfavre.bsky.social
bsky,makaplan.bsky.social
bsky,touitaccount.bsky.social
bsky,rdtfr.bsky.social
bsky,cristy75.bsky.social
bsky,yves6338.bsky.social
bsky,fouteurdemerde.bsky.social
bsky,vincentl.bsky.social
bsky,lespatriotes75.bsky.social
bsky,djarrel.bsky.social
bsky,freedomwarrior1.bsky.social
bsky,imogen1564.bsky.social
bsky,lazykidgadx.bsky.social
bsky,macca0161.bsky.social
bsky,callmeskeptical.bsky.social
bsky,clarence123.bsky.social
bsky,b0bm.bsky.social
bsky,javadrinker.bsky.social
bsky,elysiumforever.bsky.social
bsky,steve-manzarek.bsky.social
bsky,crusader1974.bsky.social
bsky,plethora2024.bsky.social
bsky,hazejeb.bsky.social
bsky,copycatdad.bsky.social
bsky,therealxarias.bsky.social
bsky,scoobiemagadoobie.bsky.social
bsky,beardedshortguy.bsky.social
bsky,baconai.bsky.social
bsky,magagrammy6.bsky.social
bsky,alexjonesisright.bsky.social
bsky,cyberhawk78.bsky.social
bsky,griffin3.bsky.social
bsky,v8biturbocr7.bsky.social
bsky,valleycraig.bsky.social
bsky,freedomprevails.bsky.social
bsky,akshai.bsky.social
bsky,trumpetusmaximus.bsky.social
bsky,dennyp1.bsky.social
bsky,skully87.bsky.social
bsky,bloomineck.bsky.social
bsky,coco999.bsky.social
bsky,partnercops22.bsky.social
bsky,liberalskeptic.bsky.social
bsky,brazilendireita.bsky.social
bsky,lpusa.bsky.social
bsky,duncanabnormar.bsky.social
bsky,adam-rezt-turn.bsky.social
bsky,snikaros.bsky.social
bsky,5kian.bsky.social
bsky,southflman78.bsky.social
bsky,sboudon.bsky.social
bsky,hillbillytrkr91.bsky.social
bsky,enuffnonsense.bsky.social
bsky,lunduke.bsky.social
bsky,sternhammerwulf.bsky.social
bsky,curiousnv.bsky.social
bsky,trumptrain2333.bsky.social
bsky,softwareb.bsky.social
bsky,chieng.bsky.social
bsky,realanonymoose.bsky.social
bsky,tbayattitude.bsky.social
bsky,swaggy-com.bsky.social
bsky,rheablunt.bsky.social
bsky,teamstersvoter.bsky.social
bsky,dukemcgillicutty.bsky.social
bsky,brandon123432.bsky.social
bsky,martinomac.bsky.social
bsky,orvosk.bsky.social
bsky,jboyles12.bsky.social
bsky,sanguinedepths.bsky.social
bsky,wokeuser333.bsky.social
bsky,christisking313.bsky.social
bsky,regularuser13.bsky.social
bsky,6a2patriot.bsky.social
bsky,reprx.bsky.social
bsky,mgibby34.bsky.social
bsky,believerinchrist.bsky.social
bsky,poop17656382.bsky.social
bsky,tester687.bsky.social
bsky,wafflestomper69.bsky.social
bsky,2gendersonly.bsky.social
bsky,smilepleasepeople.bsky.social
bsky,avdash.bsky.social
bsky,hasselung.bsky.social
bsky,godfather27.bsky.social
bsky,philmc4.bsky.social
bsky,aferrell21.bsky.social
bsky,twitterbest.bsky.social
bsky,kellyannlu17.bsky.social
bsky,lackwild.bsky.social
bsky,liam1411.bsky.social
bsky,beanie13.bsky.social
bsky,meuz3.bsky.social
bsky,equusasinus26.bsky.social
bsky,magaking0899.bsky.social
bsky,emrldviii.bsky.social
bsky,yabbadabbadont.bsky.social
bsky,princeengels.bsky.social
bsky,paulthejesmond.bsky.social
bsky,broodjesnotaap.bsky.social
bsky,wesleymarius.bsky.social
bsky,hellhigh.bsky.social
bsky,bonanoo.bsky.social
bsky,maxwellcr.bsky.social
bsky,halukexe.bsky.social
bsky,donaldotrumpoo.bsky.social
bsky,onlytwogenders213.bsky.social
bsky,bear-sharker.bsky.social
bsky,redkingdom1984.bsky.social
bsky,freebossetti.bsky.social
bsky,jesus22blue.bsky.social
bsky,steveking122.bsky.social
bsky,jedjohn.bsky.social
bsky,navjotsr93.bsky.social
bsky,mausfany.bsky.social
bsky,edennamajka.bsky.social
bsky,ottoikonen.bsky.social
bsky,chiefbabyjonesy.bsky.social
bsky,randomstu.bsky.social
bsky,realdealll.bsky.social
bsky,trumplover69.bsky.social
bsky,mikeyb365.bsky.social
bsky,bbqnutsack.bsky.social
bsky,alexend1.bsky.social
bsky,morjensta.bsky.social
bsky,washanin.bsky.social
bsky,tronaldtrump.bsky.social
bsky,taylorbrinson.bsky.social
bsky,anarchocommunist2.bsky.social
bsky,paulaineru.bsky.social
bsky,devldog1775.bsky.social
bsky,censorhere.bsky.social
bsky,dexthesex.bsky.social
bsky,bbobynator.bsky.social
bsky,gamotouspoustides.bsky.social
bsky,imemeforamerica.bsky.social
bsky,zraydadbod.bsky.social
bsky,maxgilson.bsky.social
bsky,addy123.bsky.social
bsky,kudlydudly.bsky.social
bsky,jmedgar2000.bsky.social
bsky,ironsight.bsky.social
bsky,resistance47.bsky.social
bsky,lordlance.bsky.social
bsky,makeitnormalagain.bsky.social
bsky,2gendersf.bsky.social
bsky,ichuckedit.bsky.social
bsky,krypticundead.bsky.social
bsky,wagtrump.bsky.social
bsky,yabadabadoo45.bsky.social
bsky,maha1123.bsky.social
bsky,randomowyhandle.bsky.social
bsky,watermeloneater1.bsky.social
bsky,bkirkwood.bsky.social
bsky,nulltest69.bsky.social
bsky,lordvaldomero1.bsky.social
bsky,basedhandle.bsky.social
bsky,captaintrekt.bsky.social
bsky,imadam.xyz
bsky,benb46.bsky.social
bsky,cartagena11.bsky.social
bsky,luvamerica.bsky.social
bsky,aps2100.bsky.social
bsky,jhk47.bsky.social
bsky,ereyes26.bsky.social
bsky,twemp.bsky.social
bsky,helpnds.bsky.social
bsky,daryl-martis.bsky.social
bsky,joelthegiraffe.bsky.social
bsky,newvak.bsky.social
bsky,snowflake6776.bsky.social
bsky,x-man7.bsky.social
bsky,sinnej.bsky.social
bsky,dimas12345.bsky.social
bsky,badmoon407.bsky.social
bsky,docpilot1968.bsky.social
bsky,mjwfreedom.bsky.social
bsky,pcbb1212.bsky.social
bsky,rocketxxx.bsky.social
bsky,yy6170.bsky.social
bsky,endtgewokevirus.bsky.social
bsky,ct23.bsky.social
bsky,rented1.bsky.social
bsky,lucianwakker.bsky.social
bsky,magalm55.bsky.social
bsky,meerkat93000.bsky.social
bsky,plinkochamp.bsky.social
bsky,monsieurtranquille.bsky.social
bsky,lukenielsen.bsky.social
bsky,johndeere15.bsky.social
bsky,llamasexjoe.bsky.social
bsky,magaforthewin.bsky.social
bsky,lightya.bsky.social
bsky,jasvxjm.bsky.social
bsky,howthehell.bsky.social
bsky,goudian.bsky.social
bsky,afveteran.bsky.social
bsky,sandile84.bsky.social
bsky,trumpwonbitches.bsky.social
bsky,thefarmer.bsky.social
bsky,corwn.bsky.social
bsky,bloodyodo.bsky.social
bsky,readyburnerone.bsky.social
bsky,grumjum.bsky.social
bsky,sloppyjalopy.bsky.social
bsky,josephmama.bsky.social
bsky,infowars207.bsky.social
bsky,digger9.bsky.social
bsky,jeancool7.bsky.social
bsky,henri5.bsky.social
bsky,efficientmaster.bsky.social
bsky,superwoke.bsky.social
instagram,tiboinshape
instagram,ugogiljimenez
instagram,estelleredpill
instagram,namastesalope
instagram,alice_cordier_
instagram,mj_t.fr
instagram,baptiste_marchais4
instagram,panruijuan9
instagram,phdevilliers
instagram,ericzemmour_
instagram,rescovars_
instagram,cyrilhanouna
instagram,sorores_patriae
instagram,geopolitique.profonde
instagram,best_of_papacito
instagram,gilbert_collard
instagram,bfmlyon
instagram,bvoltaire.fr
instagram,la.cringerie_
instagram,shapeyou
instagram,gonzo_news
instagram,cercle_aristote
instagram,ecolucide
instagram,riesenblut.mp4
instagram,banijaygroup
instagram,marchepourlavie
instagram,argos_france
instagram,marsaultbreum
instagram,passions_francaises
instagram,legauloissolide
instagram,letudiantlibre
instagram,eciotti
instagram,journalpresent
instagram,patria_albiges
instagram,gz_paca
instagram,josebeaurain_an
instagram,claire.geronimi
instagram,_laura_mag
instagram,editionsmagnus
instagram,julien_odoul
instagram,maudkoffler
instagram,bardella_2024
instagram,louis_aliot
instagram,bleublancrouge2027
instagram,punchline_papacito
instagram,j21unis
instagram,civitas.paris
instagram,politique.enzo10
instagram,tvlofficiel
instagram,frenchmapper__
instagram,georges.streetwear
instagram,estevethomas
instagram,julie_lechanteux
instagram,verite_immuable
instagram,nicolasfaure.sunrise
instagram,avec__marion
instagram,milafique
instagram,avecmarion_2024
instagram,melinagbravo
instagram,collectif.nemesis
instagram,nicolas_dragon
instagram,rassemblementnational_fr
instagram,mouvementchouan
instagram,jordanbardella
instagram,julien.rochedy
instagram,franck.allisio
instagram,fxbellamy
instagram,romain_baubry
instagram,mlafrance_rn
instagram,sinishajm_
instagram,mejf_paris
instagram,radiocourtoisie
instagram,unionfranceforte
instagram,epopeefilms
instagram,marguerite_stern
instagram,soutienasla
instagram,nicobattini
instagram,jeunesavecbardella
instagram,laure_lavalette
instagram,rnj_off
instagram,antoine_villedieu
instagram,alexandramasson06
instagram,nathcarvalho91
instagram,oriflamme_rennes
instagram,generation_zemmour
instagram,alexandre_loubet
instagram,louis_fishmann
instagram,nemesis_recrutement_marseille
instagram,edwige_diaz
instagram,fabriceleggeri
instagram,femelliste_media
instagram,t_francois59
instagram,carolineparmentier_off
instagram,mediatemoin
instagram,jordan_guitton
instagram,anais_nemesis_
instagram,leuropesanseux
instagram,ludovic_pajot
instagram,clement_vhn
instagram,coteacote__
instagram,marionmarechal_
instagram,inshapenutrition
instagram,c8lachaine
instagram,puydufou
instagram,causeur.fr
instagram,rtl_france
instagram,valeurs_actuelles
instagram,lefigaro
instagram,bfmtv
instagram,academiachristiana
instagram,bfmmarseille
instagram,lafuriaofficiel
instagram,erga_x
instagram,mariannelemag
instagram,bfmbusiness
instagram,impulsiongaulliste
instagram,etienneriguer
instagram,marionceccatooff
instagram,lincorrect_officiel
instagram,baptiste_marchais4
instagram,tenesoun_provence
instagram,red_angers
instagram,tradicina
instagram,frederic_cabrolier81
instagram,pierre_romain_thionnet
instagram,sophieblanc_deputee
instagram,aurora__lorraine
instagram,tsahal_fr
instagram,legrandgaulois
instagram,la.nature.comme.socle
instagram,anteno.fr
instagram,mailysclz
instagram,flav_frd
instagram,philippe_schreck
instagram,sabatoualexandre
instagram,tanguyjeanphilippe
instagram,rassemblement_des_droites
instagram,remparts2lyon
instagram,destoursetdeslys
instagram,institutiliade
tiktok,@tiboinshape
tiktok,@thaisdescufon
tiktok,@bleublancrouge2027
tiktok,@missioneurope2024
tiktok,@ju.king.of.game
tiktok,@rn.musique
tiktok,@namastesalope
tiktok,@infodujours5
tiktok,@j21unis
tiktok,@mj_t.fr
tiktok,@baptiste_ntx
tiktok,@bardella2024rn
tiktok,@mediasfact
tiktok,@collectif7octobre
tiktok,@j21unis_2
tiktok,@soutien.rn
tiktok,@anduril_france
tiktok,@frenchnews_
tiktok,@frenchmapper_1
tiktok,@soutienrn
tiktok,@agriculteurcolerique
tiktok,@actupolitiquern
tiktok,@lafranceestderetour1
tiktok,@lecoindesfrancais_
tiktok,@notrepayslafrance
tiktok,@sfncol
tiktok,@sword_kit
tiktok,@enzo.politique
tiktok,@bardella_2024
tiktok,@plntzk35237
tiktok,@stlddkn
tiktok,@info2malade1
tiktok,@avecmarion_
tiktok,@rn2027_
tiktok,@thomas.esteve
tiktok,@politiquern
tiktok,@verite_immuable
tiktok,@f.loooh
tiktok,@french_armee_
tiktok,@adrienagu
tiktok,@le_chem1_de_la_verite
twitter,__Verlaine__
twitter,_polemia
twitter,1957zephyr82
twitter,83Dumspirospero
twitter,A_Masson06
twitter,ABRFL31
twitter,acormierd
twitter,actionfrancaise
twitter,Ad_Vitam44_
twitter,adriengrosjean
twitter,Aetheer_
twitter,AFRN85
twitter,AIGLEbisRetour
twitter,Al_Nikolic
twitter,alainpaulweber
twitter,AlexandreLoubet
twitter,AlexandreRifai
twitter,AlexandreVaraut
twitter,alexisjollyrn
twitter,AmauryBucco
twitter,Aminelkhatmi
twitter,Anais_Sabatini
twitter,Andrea192300
twitter,AndreaKotarac
twitter,andrebercoff
twitter,AndreRougeOff
twitter,AngelinaLMC
twitter,AngeloH_G
twitter,Anne_deProvence
twitter,anne_sinclair
twitter,AnnickCousin_RN
twitter,anouchkacohen
twitter,AnthonyLebbos
twitter,AntoineContrant
twitter,antoningosse60
twitter,Anubisrepetita
twitter,Armand2france
twitter,Arvillers
twitter,Aspasyy
twitter,AtlantisOff
twitter,Au_Evrard
twitter,Au_Legrand
twitter,AudreyyPatriote
twitter,AureliaBeigneux
twitter,aurelien_veron
twitter,AurlieLEGOFF1
twitter,autodefense_24
twitter,AvecMarechal
twitter,AymericDurox
twitter,B_Bernard73
twitter,Bahsief93
twitter,BallardPhilippe
twitter,BardellaPM
twitter,Bardon15186794
twitter,BarthesChristop
twitter,BaubryR
twitter,Baudouin_wissel
twitter,baugusteaura
twitter,Beatrice_Rosen
twitter,Belledelafee
twitter,benallaoff
twitter,BeneAuzanot
twitter,BenhaLo75
twitter,benhurmarcel62
twitter,BenjaminCauchy
twitter,BertrandCoquer4
twitter,BFM_Alsace
twitter,BFMCotedazur
twitter,BFMTV
twitter,BildMartial
twitter,BilgerPhilippe
twitter,BilletRibeiro
twitter,bj_gooseman
twitter,BlairyEmmanuel
twitter,BLEUKLEINN
twitter,Bob45thechocobo
twitter,Boccaletti83
twitter,Bohumil_Jan
twitter,BonneDroite
twitter,bonnyjulie3
twitter,BordesPascale1
twitter,BOROWSKIMIKE
twitter,BournyD74034
twitter,BrasierRN
twitter,Bruno_Attal_
twitter,Bruno_Pomart
twitter,BrunoBilde
twitter,brunogollnisch
twitter,BVoltaire
twitter,BzhKyle
twitter,CampusHemeraOff
twitter,CatherineAS79
twitter,Causeur
twitter,cecile2menibus
twitter,CelerierPatrick
twitter,celine_pina
twitter,celinesayah_
twitter,charbofficiel
twitter,CharlesAvignon
twitter,charliezemmour
twitter,ChaRocher
twitter,CharpinMylene
twitter,ChdOrnellas
twitter,chevrot_anne
twitter,ChloeMorin2
twitter,Choise06titi
twitter,christine_kelly
twitter,ChristineLoirRN
twitter,ChristineZmemes
twitter,christo96750095
twitter,Chun_Lishere
twitter,CitaroCapacityL
twitter,CitoyenLyon9
twitter,clemence_tstr
twitter,clemZallier
twitter,ClovisLuteceFR
twitter,CNEWS
twitter,Co17Guillaumele
twitter,Coll_Nemesis
twitter,Collec_Antigone
twitter,ComitesJeanne
twitter,CordierAlice2
twitter,Corinne14830205
twitter,Corleone040480
twitter,cosilyfe
twitter,couffinlyon2
twitter,COVID_49_3
twitter,Cyrilhanouna
twitter,d_flamary
twitter,Dalimauve
twitter,DamienRieu
twitter,dannbrigitte
twitter,datirachida
twitter,david_rachline
twitter,davidsansfiltre
twitter,DCarloti
twitter,de_beaujeu
twitter,DestinationTele
twitter,diaz_edwige
twitter,dictavenir
twitter,Didier_BERNARD_
twitter,dom2witte
twitter,DominiqueBilde
twitter,Doryu7
twitter,dos_jordina
twitter,du_jo2838
twitter,dupontaignan
twitter,DurasMicheline
twitter,DylkieZ3
twitter,e_ferrand
twitter,EauclaireKiki
twitter,ECiotti
twitter,EDurengue
twitter,EleonoreBez
twitter,elepargneux
twitter,ELevyCauseur
twitter,eliot_deval
twitter,ElvyraEsperanza
twitter,emma_chahu
twitter,Emma_Minot
twitter,Empereur_Sith
twitter,erayeye
twitter,Eric32284575
twitter,EricKLein_
twitter,EricNaulleau
twitter,ericrevel1
twitter,Europe1
twitter,EuropeInvasionn
twitter,evafduparc
twitter,f_asselineau
twitter,F_Desouche
twitter,f_philippot
twitter,FabriceLeggeri
twitter,FalconFrederic
twitter,Fangone69
twitter,fantoma97207169
twitter,FBBlackler
twitter,FBZZ19
twitter,FDavant1970
twitter,Femelliste_TV
twitter,FerghaneA
twitter,FilFrance
twitter,Flavien_Termet
twitter,FlorianFrVendee
twitter,FORZAREALMDRD
twitter,fractale100
twitter,France61224153
twitter,franckallisio
twitter,FranckLagache2
twitter,FrDesouche
twitter,Fred_Marseille
twitter,FredBonneval
twitter,Frontieresmedia
twitter,FrontPopOff
twitter,G_Peltier
twitter,GalzyStephanie
twitter,gazette_fr
twitter,gbensouss
twitter,Gdams70
twitter,GDarmanin
twitter,gdefournas
twitter,GENERALISBACK
twitter,GeoffroyLejeune
twitter,Georges65432
twitter,GG_RMC
twitter,GilbertCollard
twitter,GillesPennelle
twitter,GiraudCorinne3
twitter,gisele_lelouis
twitter,glaba18
twitter,Globuli_
twitter,gloupsback
twitter,GrangierGe
twitter,groupeRN_off
twitter,grucker_martial
twitter,GTabard
twitter,GuibertRn
twitter,Guillaume_Bigot
twitter,guycarlier2013
twitter,GWGoldnadel
twitter,HeleneLaporteRN
twitter,hjggbjttfgdfv
twitter,hollie83212455
twitter,infinivertige
twitter,InfoCitoyenFR
twitter,ivanrioufol
twitter,J_Bardella
twitter,J_Rancoule
twitter,jack_toribio
twitter,jaclostermann
twitter,jattali
twitter,JBaptiste_Marly
twitter,JBFlet508329
twitter,jc4604
twitter,jcc_jcc92
twitter,jclaubel
twitter,JCoupable
twitter,JcPrune
twitter,JCQDSE
twitter,jeanlucJeanLuc8
twitter,JeanMessiha
twitter,JeremBenhaim
twitter,jeremo12
twitter,jeunesbardella
twitter,JFJalkh
twitter,jfpoisson78
twitter,JJBourdin_off
twitter,JLechanteux
twitter,jllacapelle
twitter,JohanaMaurel
twitter,JolitChantal
twitter,jon_delorraine
twitter,Jonatha60007393
twitter,jordan_guitton
twitter,JordanFlrtn
twitter,JorysB3
twitter,JouinVero
twitter,JPGarraud
twitter,JphTanguy
twitter,jrechagneux
twitter,JRochedy
twitter,JRomegaire
twitter,jrtripoux
twitter,jsanchez_rn
twitter,JulianGerondi
twitter,julien_grazioli
twitter,julien_limongi
twitter,julienbahloul
twitter,JulienOdoul
twitter,JulienTellier__
twitter,JulietteBriens
twitter,JuniorGuibole
twitter,jusko_bout
twitter,JusquMer
twitter,KanameVirgo
twitter,kashkaBagdad
twitter,KbgStream
twitter,Kel_ya55
twitter,KerstR71
twitter,Kevin_RN77
twitter,KevinBanck
twitter,kevinbossuet
twitter,KhanNRachel
twitter,kiara_visentini
twitter,Kiki34819781
twitter,knafo_sarah
twitter,KristelBERINGER
twitter,La_Pollice
twitter,lalupmp
twitter,LambotinBuchet
twitter,Lau1Logo
twitter,LaureLavalette
twitter,LaurentObertone
twitter,LauronNicolas
twitter,LaVoixQuiBlesse
twitter,LCI
twitter,Le_Figaro
twitter,Le_grand_cirque
twitter,Lecros248
twitter,lelapindufutur
twitter,lepenjm
twitter,LeSoliterrien
twitter,LeSommierRgis
twitter,LevavasseurK
twitter,Levsach6
twitter,Ligne__Droite
twitter,lilappyy
twitter,ljacobelli
twitter,LopezLiguori
twitter,louis_aliot
twitter,LRangognio
twitter,luc_3535
twitter,lucidite_92
twitter,LucienChances
twitter,LysandreBL
twitter,lysenfleur
twitter,M_Dauchy
twitter,MagLincorrect
twitter,Majocoxi
twitter,MalikaSorel
twitter,Manatwork2
twitter,manumcfly007
twitter,Marcel1Nobel
twitter,MarchioMatthieu
twitter,Margueritestern
twitter,MariAnn77005539
twitter,marie_mokr43783
twitter,MarionMarechal
twitter,Marjo2102
twitter,MarsaultBreum
twitter,martine_live
twitter,MassonBryan
twitter,MathildePARIS45
twitter,MaudPK
twitter,Maxime_bot11
twitter,MCarolineLePen
twitter,MChantal66
twitter,MedecinZemmour
twitter,melanie_disdier
twitter,Meyer_Habib
twitter,Michel_Zed_
twitter,MichelGuiniot
twitter,MichelOnfray4
twitter,Mllesoss0
twitter,MLP_officiel
twitter,MonicadArc1
twitter,MonnierThibaut
twitter,monsieurnaudin
twitter,MontbrialAvocat
twitter,morandiniblog
twitter,mtwit75
twitter,MurielRezze
twitter,mvalet_officiel
twitter,myriampalomba
twitter,mysticj3838
twitter,nadine__morano
twitter,NapoLeon1226391
twitter,Nath_Aubert65
twitter,NicolasBay_
twitter,NMeizonnet
twitter,NoaGrebil
twitter,NotMyEU4
twitter,nous_patriotes
twitter,ObservatoireID
twitter,OERTHERT
twitter,Oliver4018
twitter,Olivier_Monteil
twitter,Olivier_Truchot
twitter,olivierrioult
twitter,Omerta_officiel
twitter,OOC_RN
twitter,OrangeMekaniQ
twitter,Outofnone1
twitter,Oxitan30
twitter,P_Brochet
twitter,P_Vardon
twitter,pacempros
twitter,PalaczMarc
twitter,Parmentier_RN
twitter,PascalePiera
twitter,PascalPraud
twitter,PatrickRogerE
twitter,PatrioteEngager
twitter,PaulMelun
twitter,Pennkoad44
twitter,perle_79
twitter,PeterColumns
twitter,PGriselin
twitter,PhdeVilliers
twitter,Pierre_GTIL
twitter,PierreJeanpie10
twitter,PierrePimpie
twitter,pierrot_f
twitter,Poincee
twitter,pouletencavale
twitter,pouletonpoulin
twitter,Poulin2012
twitter,PR_Thionnet
twitter,PrvostFrANCOIS2
twitter,Puni82089French
twitter,PuyduFou
twitter,QueenFirmAction
twitter,radiocourtoisie
twitter,radouan_kourak
twitter,RAFOrafo
twitter,ReaActuelle
twitter,realbahia_carla
twitter,Reconquete_off
twitter,RefracGaulois
twitter,Renaud_Sand
twitter,RenaudCamus
twitter,Riesenblut
twitter,rn_paca
twitter,RNational_off
twitter,RNetranger
twitter,RNJ_off
twitter,RomaneeConti62
twitter,rominetroya
twitter,RTLFrance
twitter,RTolassy
twitter,SaltzmannJessi1
twitter,Samaritain62
twitter,SamiaDussart
twitter,SandraDELANNOY1
twitter,Sandrine_Dogor
twitter,sandruisseau
twitter,sandwich_puni
twitter,Sans_drap__
twitter,SarahSaldmann
twitter,sdblepas
twitter,sebchenu
twitter,Sennic76
twitter,sidonichat
twitter,Simesss67
twitter,sistadunet
twitter,soufiss13
twitter,SouverainsDem1
twitter,SqualeBlanc
twitter,sRambaudRN
twitter,stanislasrig
twitter,SteeveBriois
twitter,STEPHANE_DURBEC
twitter,Stephane_Ravier
twitter,stephanetls31
twitter,SudRadio
twitter,supernibberrr
twitter,Sylvie_Goddyn
twitter,SylvieE22140659
twitter,SylvieS77085290
twitter,Taranis__France
twitter,TaverneMichael
twitter,TeddyMcDonald75
twitter,thib_francois
twitter,Thierry_d_Austr
twitter,thierry_frappe
twitter,ThierryCHE49
twitter,ThierryMARIANI
twitter,Thomas_Mng
twitter,ThomasJamesFR
twitter,TiboInShape
twitter,Tillily1603
twitter,Tina_lepen
twitter,Titizazou1
twitter,TlibaMehdi
twitter,TMolina_off
twitter,TomBenoit_
twitter,Toms_DEC
twitter,TonnerreJp
twitter,TPMF_asso
twitter,tvlofficiel
twitter,ugo_flcn
twitter,UnionDroitesFr
twitter,urbany73
twitter,v_joron
twitter,val13004
twitter,VALABLE1974
twitter,valerie_expert
twitter,Valeurs
twitter,ValrieAb211958
twitter,VAplus_
twitter,VDavy26_07
twitter,VelimirovicG
twitter,veroniquegenest
twitter,VikingBerychon
twitter,VincentTHIERY1
twitter,VincLapierre
twitter,Viraltif
twitter,voinconmc
twitter,Waldo_Free
twitter,WendyLonchampt
twitter,WilliamTwetter
twitter,YanisGaudillat4
twitter,yohanengel
twitter,ZeBoris_
twitter,ZemmourEric
twitter,zoesagan
twitter,ZohraBitan
twitter,ZoltLazslo